home_abbr,away_abbr,avg_HCA,avg_pred_prob_home_win,total_home_win,total_predicted_win,total_games,total_predicted_lose,pred_label
ATL,BKN,0.11798816546183867,0.48791182421060236,1,0,1,1,0
ATL,BOS,-0.15171205808370644,0.1589485286888036,0,0,1,1,0
ATL,CHA,0.062168216818182465,0.5644938834918343,2,1,2,1,1
ATL,CHI,-0.04229533667002155,0.5036538991981363,1,1,2,1,1
ATL,CLE,0.062168216818182465,0.26117329358385194,1,0,1,1,0
ATL,DAL,0.3725495943642988,0.4172193781093202,0,0,1,1,0
ATL,DEN,0.3315891494970852,0.5349548543936092,0,1,1,0,1
ATL,DET,0.08264843925178922,0.5101397560452678,0,1,2,1,1
ATL,GSW,0.14408910655260948,0.34050837243683924,1,0,1,1,0
ATL,HOU,0.11770887459519634,0.3497015916780369,0,0,1,1,0
ATL,IND,0.06877244071882364,0.4508687282921593,3,1,3,2,0
ATL,LAC,0.062168216818182465,0.39653304265174444,0,0,1,1,0
ATL,LAL,0.062168216818182465,0.6028042393564982,1,1,1,0,1
ATL,MEM,0.062168216818182465,0.31822002063714583,0,0,1,1,0
ATL,MIA,0.09433525103292494,0.4371256872556557,2,1,3,2,0
ATL,MIL,-0.06277555910362827,0.3611807685388403,1,0,2,2,0
ATL,MIN,0.062168216818182465,0.4387447787354593,1,0,1,1,0
ATL,NOP,0.3315891494970852,0.7637677439779894,1,1,1,0,1
ATL,NYK,0.06464480078092291,0.4155283302628122,1,0,2,2,0
ATL,OKC,0.062168216818182465,0.24473147469233336,0,0,1,1,0
ATL,ORL,0.07207455266914423,0.5474503556439825,1,2,2,0,1
ATL,PHI,0.13529569590013843,0.6320612556878514,2,3,3,0,1
ATL,PHX,0.18504955141982302,0.5361653706503643,1,1,1,0,1
ATL,POR,0.062168216818182465,0.569180148954884,0,1,1,0,1
ATL,SAC,0.026160939876449782,0.5149551198717914,0,1,1,0,1
ATL,SAS,0.062168216818182465,0.47067044143106573,0,0,1,1,0
ATL,TOR,-0.04477192063276199,0.5338222292948263,0,2,2,0,1
ATL,UTA,-0.15171205808370644,0.6793426395002065,1,1,1,0,1
ATL,WAS,-0.024291698199155227,0.7038317188237044,1,2,2,0,1
BKN,ATL,-0.04477192063276199,0.34104866303843406,1,0,2,2,0
BKN,BOS,0.3315891494970852,0.26562792736815444,0,0,2,2,0
BKN,CHA,0.21735890559124063,0.5553664957900384,2,2,2,0,1
BKN,CHI,0.062168216818182465,0.5012636155858669,1,1,1,0,1
BKN,CLE,0.07455113663188466,0.21966313573883506,0,0,2,2,0
BKN,DAL,0.026160939876449782,0.4355040986189269,0,0,1,1,0
BKN,DEN,0.3315891494970852,0.6292916072476921,0,1,1,0,1
BKN,DET,0.062168216818182465,0.5141509202935239,0,1,2,1,1
BKN,GSW,0.062168216818182465,0.19504470402233037,0,0,1,1,0
BKN,HOU,0.3725495943642988,0.32108200216800414,1,0,1,1,0
BKN,IND,0.19687868315763382,0.4374110024493447,1,1,2,1,0
BKN,LAC,0.062168216818182465,0.21606967673328256,0,0,1,1,0
BKN,LAL,0.062168216818182465,0.29101155445472876,1,0,1,1,0
BKN,MEM,-0.15171205808370644,0.36250741154038374,1,0,1,1,0
BKN,MIA,0.08264843925178922,0.311270135328552,1,0,2,2,0
BKN,MIL,0.10312866168539597,0.45977836935554794,1,1,2,1,0
BKN,MIN,0.10312866168539599,0.2633580603415426,0,0,1,1,0
BKN,NOP,0.062168216818182465,0.5024649500728117,1,1,1,0,1
BKN,NYK,0.19687868315763382,0.31203944040908316,0,0,2,2,0
BKN,OKC,0.062168216818182465,0.1812583899912345,0,0,1,1,0
BKN,ORL,0.062168216818182465,0.38512634459413814,0,0,2,2,0
BKN,PHI,0.19687868315763382,0.45114481216096514,1,0,2,2,0
BKN,PHX,-0.15171205808370644,0.29065959318204787,0,0,1,1,0
BKN,POR,0.062168216818182465,0.40618173669368945,0,0,1,1,0
BKN,SAC,0.062168216818182465,0.2954159000907078,0,0,1,1,0
BKN,SAS,-0.15171205808370644,0.34017511702871367,0,0,1,1,0
BKN,TOR,0.06381927279334275,0.44894183038101493,0,1,3,2,0
BKN,UTA,0.062168216818182465,0.545383294767979,0,1,1,0,1
BKN,WAS,0.019145330630798707,0.5745223767413856,1,2,2,0,1
BOS,ATL,-0.08077919757449462,0.7524156222302671,0,2,2,0,1
BOS,BKN,0.04664116231005663,0.8058985507988807,2,2,2,0,1
BOS,CHA,0.062168216818182465,0.8695614367243172,2,2,2,0,1
BOS,CHI,0.08512502321452964,0.7506117289009768,1,2,2,0,1
BOS,CLE,0.06464480078092288,0.5041914638585525,1,1,2,1,1
BOS,DAL,0.062168216818182465,0.7060963231797064,0,1,1,0,1
BOS,DEN,0.06877244071882364,0.5600982482215054,3,3,3,0,1
BOS,DET,0.20430843504585516,0.8330487988129281,2,2,2,0,1
BOS,GSW,0.062168216818182465,0.3941521226009243,0,0,1,1,0
BOS,HOU,0.062168216818182465,0.5702150688793917,0,1,1,0,1
BOS,IND,0.19687868315763382,0.7484835007794719,1,2,2,0,1
BOS,LAC,0.11770887459519634,0.6212116983537019,1,1,1,0,1
BOS,LAL,0.062168216818182465,0.6552242182230853,1,1,1,0,1
BOS,MEM,-0.15171205808370644,0.5771427289603883,0,1,1,0,1
BOS,MIA,0.08993854570668941,0.6924592729076321,1,2,2,0,1
BOS,MIL,0.19687868315763382,0.8094520065583088,2,2,2,0,1
BOS,MIN,0.026160939876449782,0.7149508474076054,1,1,1,0,1
BOS,NOP,0.062168216818182465,0.826247106663417,1,1,1,0,1
BOS,NYK,0.10709119602578068,0.7295831481613513,3,5,5,0,1
BOS,OKC,0.062168216818182465,0.46245378843228774,0,0,1,1,0
BOS,ORL,0.07736149596046674,0.7514315213652256,4,4,4,0,1
BOS,PHI,0.13529569590013843,0.6848130917381384,2,3,3,0,1
BOS,PHX,0.026160939876449782,0.7570422285595193,1,1,1,0,1
BOS,POR,0.10312866168539599,0.7189415323684104,1,1,1,0,1
BOS,SAC,0.031114107801930732,0.7507168851619688,0,1,1,0,1
BOS,SAS,0.062168216818182465,0.7048119972174267,1,1,1,0,1
BOS,TOR,0.09433525103292495,0.8332801365099476,3,3,3,0,1
BOS,UTA,0.3315891494970852,0.8500340000835402,1,1,1,0,1
BOS,WAS,0.026160939876449782,0.8814535793773134,1,1,1,0,1
CHA,ATL,0.08993854570668941,0.43183923489488185,0,0,2,2,0
CHA,BKN,-0.04477192063276199,0.5041780823769733,1,1,2,1,1
CHA,BOS,0.08993854570668941,0.2156019674259378,0,0,2,2,0
CHA,CHI,0.062168216818182465,0.3589897441218415,0,0,2,2,0
CHA,CLE,0.062168216818182465,0.1716684669767306,0,0,2,2,0
CHA,DAL,0.06712138474366335,0.3717033599259948,1,0,1,1,0
CHA,DEN,0.11770887459519634,0.31013531352530077,0,0,1,1,0
CHA,DET,0.04416457834731612,0.4624421263465677,2,0,2,2,0
CHA,GSW,0.062168216818182465,0.1585015974103668,0,0,1,1,0
CHA,HOU,0.3725495943642988,0.32950541469242495,0,0,1,1,0
CHA,IND,0.062168216818182465,0.4170675028601866,1,0,1,1,0
CHA,LAC,0.062168216818182465,0.2595527017061493,0,0,1,1,0
CHA,LAL,0.062168216818182465,0.43297453877485864,0,0,1,1,0
CHA,MEM,0.026160939876449782,0.2826714909215943,0,0,1,1,0
CHA,MIA,0.02066964117429933,0.42142362919953463,1,0,3,3,0
CHA,MIL,0.08512502321452964,0.4081213467009339,1,0,2,2,0
CHA,MIN,0.3315891494970852,0.31537219274182304,0,0,1,1,0
CHA,NOP,0.11770887459519634,0.5229872941639311,1,1,1,0,1
CHA,NYK,0.15857941827845787,0.4199910666191149,1,1,3,2,0
CHA,OKC,0.062168216818182465,0.16261195416244306,0,0,1,1,0
CHA,ORL,0.19687868315763382,0.4249028426107789,0,0,2,2,0
CHA,PHI,0.06712138474366335,0.4629124706186125,0,0,2,2,0
CHA,PHX,0.3315891494970852,0.46773966669294675,1,0,1,1,0
CHA,POR,0.3315891494970852,0.5484352769522537,0,1,1,0,1
CHA,SAC,0.062168216818182465,0.36499095653342745,0,0,1,1,0
CHA,SAS,0.062168216818182465,0.4271736926574124,1,0,1,1,0
CHA,TOR,0.14408910655260948,0.5225759350898762,1,1,1,0,1
CHA,UTA,-0.187719335025439,0.45589540602799494,1,0,1,1,0
CHA,WAS,0.04416457834731612,0.6062030659568691,0,1,2,1,1
CHI,ATL,0.08993854570668941,0.4783841015190629,1,1,2,1,0
CHI,BKN,0.23783912802484738,0.6051169576054916,2,2,2,0,1
CHI,BOS,0.026160939876449872,0.2177901856955356,0,0,2,2,0
CHI,CHA,0.0695979687064038,0.5906804719376515,1,2,2,0,1
CHI,CLE,0.062168216818182465,0.3656562948860948,1,1,3,2,0
CHI,DAL,0.062168216818182465,0.5304475275683967,0,1,1,0,1
CHI,DEN,0.062168216818182465,0.28089711444282256,1,0,1,1,0
CHI,DET,0.11041876814029616,0.4587423850709893,0,0,2,2,0
CHI,GSW,0.10312866168539599,0.3541860428106792,0,0,1,1,0
CHI,HOU,0.062168216818182465,0.27620873757860737,0,0,1,1,0
CHI,IND,-0.04477192063276199,0.4370698100979207,1,0,2,2,0
CHI,LAC,0.062168216818182465,0.34245633129437825,0,0,1,1,0
CHI,LAL,0.3725495943642988,0.6035574158734051,1,1,1,0,1
CHI,MEM,-0.02181511423641476,0.47855494838492435,0,1,2,1,0
CHI,MIA,-0.01947657782119777,0.3782382224409351,2,0,3,3,0
CHI,MIL,0.062168216818182465,0.3896040048934937,1,0,2,2,0
CHI,MIN,-0.08077919757449462,0.3446258674201785,1,0,2,2,0
CHI,NOP,0.062168216818182465,0.6064953264208798,0,1,1,0,1
CHI,NYK,0.3725495943642988,0.3825647061183557,1,0,1,1,0
CHI,OKC,-0.15171205808370644,0.20636825615962448,0,0,1,1,0
CHI,ORL,0.062168216818182465,0.46978053937352127,1,0,1,1,0
CHI,PHI,0.19687868315763382,0.5657068647491708,0,2,2,0,1
CHI,PHX,0.062168216818182465,0.4528235009954533,0,0,1,1,0
CHI,POR,0.3725495943642988,0.5851074574926334,1,1,1,0,1
CHI,SAC,0.062168216818182465,0.4404540144485926,0,0,1,1,0
CHI,SAS,0.062168216818182465,0.4036434497418553,1,0,1,1,0
CHI,TOR,-0.04477192063276199,0.4835842249070761,2,1,2,1,0
CHI,UTA,0.10312866168539599,0.6831923416438217,0,1,1,0,1
CHI,WAS,0.062168216818182465,0.7098340095736122,2,2,2,0,1
CLE,ATL,-0.024291698199155227,0.7387848738620137,1,2,2,0,1
CLE,BKN,0.22464901204614077,0.8269765359351303,2,2,2,0,1
CLE,BOS,0.062168216818182465,0.4605637948657526,1,1,2,1,0
CLE,CHA,0.19687868315763382,0.8366258091468345,2,2,2,0,1
CLE,CHI,0.06877244071882364,0.6691905696434222,2,3,3,0,1
CLE,DAL,0.10312866168539599,0.6892806917581391,1,1,1,0,1
CLE,DEN,0.062168216818182465,0.6433307408614606,1,1,1,0,1
CLE,DET,0.062168216818182465,0.5883691568123978,2,1,2,1,1
CLE,GSW,0.062168216818182465,0.2798254981283673,1,0,1,1,0
CLE,HOU,-0.187719335025439,0.4989706719133722,0,0,1,1,0
CLE,IND,0.07829828240332742,0.6457134173382765,0,5,6,1,1
CLE,LAC,0.062168216818182465,0.5025870775547234,1,1,1,0,1
CLE,LAL,0.062168216818182465,0.6845871501001676,1,1,1,0,1
CLE,MEM,0.062168216818182465,0.6898896891434372,1,1,1,0,1
CLE,MIA,0.04713977431566449,0.6429343851138541,3,3,3,0,1
CLE,MIL,0.08512502321452964,0.7081660181582096,2,2,2,0,1
CLE,MIN,0.10312866168539599,0.6410711076864484,1,1,1,0,1
CLE,NOP,0.11770887459519634,0.8427823989738414,1,1,1,0,1
CLE,NYK,0.24512923447974758,0.7045354531856474,2,2,2,0,1
CLE,OKC,0.06712138474366335,0.516080334720831,1,1,1,0,1
CLE,ORL,0.062168216818182465,0.7313027466584774,1,2,2,0,1
CLE,PHI,0.11770887459519634,0.7426685680197191,1,1,1,0,1
CLE,PHX,0.062168216818182465,0.6992992123230803,1,1,1,0,1
CLE,POR,0.062168216818182465,0.7508684218051025,1,1,1,0,1
CLE,SAC,0.062168216818182465,0.7251259293225161,0,1,1,0,1
CLE,SAS,0.062168216818182465,0.6960993245526413,1,1,1,0,1
CLE,TOR,0.11289535210303657,0.8176774649601113,2,2,2,0,1
CLE,UTA,0.062168216818182465,0.8298081075868636,1,1,1,0,1
CLE,WAS,0.05159433023553746,0.8872763202623157,2,2,2,0,1
DAL,ATL,0.3315891494970852,0.564589620202272,1,1,1,0,1
DAL,BKN,0.062168216818182465,0.6717878736995133,0,1,1,0,1
DAL,BOS,0.062168216818182465,0.3617382844140855,0,0,1,1,0
DAL,CHA,0.062168216818182465,0.734383023547163,1,1,1,0,1
DAL,CHI,0.062168216818182465,0.61032042446725,1,1,1,0,1
DAL,CLE,0.026160939876449782,0.3247825385529649,0,0,1,1,0
DAL,DEN,0.08264843925178922,0.4375984933350907,0,0,2,2,0
DAL,DET,0.062168216818182465,0.41754905394087205,1,0,1,1,0
DAL,GSW,0.062168216818182465,0.3909289077834358,1,0,1,1,0
DAL,HOU,0.04416457834731612,0.4282318125531184,1,0,2,2,0
DAL,IND,-0.187719335025439,0.5472281391884997,0,1,1,0,1
DAL,LAC,0.08512502321452964,0.5225011384346415,1,2,2,0,1
DAL,LAL,0.13089899057390292,0.5298323607339483,1,1,2,1,1
DAL,MEM,0.06877244071882364,0.48278522061845114,1,1,3,2,0
DAL,MIA,0.11770887459519634,0.5585413374913003,1,1,1,0,1
DAL,MIL,0.06464480078092291,0.4970292285797553,1,1,2,1,0
DAL,MIN,0.062168216818182465,0.5585745050394506,0,2,2,0,1
DAL,NOP,0.05407091419827788,0.7223591926997557,2,2,2,0,1
DAL,NYK,0.062168216818182465,0.5292361640697814,1,1,1,0,1
DAL,OKC,0.3315891494970852,0.30900453122989074,1,0,1,1,0
DAL,ORL,0.10312866168539599,0.593062080997253,1,1,1,0,1
DAL,PHI,0.062168216818182465,0.5638653688314198,0,1,1,0,1
DAL,PHX,0.062168216818182465,0.5375617299796742,0,2,2,0,1
DAL,POR,0.19687868315763382,0.7304844161607589,2,2,2,0,1
DAL,SAC,0.062168216818182465,0.5632814755884883,0,2,2,0,1
DAL,SAS,0.20678501900859558,0.5999468334801427,2,2,2,0,1
DAL,TOR,0.062168216818182465,0.49360204305415806,1,0,1,1,0
DAL,UTA,0.046641162310056564,0.40585131794697554,1,1,2,1,0
DAL,WAS,0.062168216818182465,0.8154932916602398,1,1,1,0,1
DEN,ATL,0.026160939876449782,0.6265396888148318,1,1,1,0,1
DEN,BKN,0.062168216818182465,0.7675739213925405,1,1,1,0,1
DEN,BOS,0.10312866168539599,0.3786472053341239,0,0,1,1,0
DEN,CHA,0.4954309289659392,0.8575449266304754,1,1,1,0,1
DEN,CHI,-0.15171205808370644,0.548250974968978,0,1,1,0,1
DEN,CLE,-0.00984633706528272,0.3633758374062206,0,0,1,1,0
DEN,DAL,0.06464480078092291,0.48740739998856597,1,0,2,2,0
DEN,DET,-0.15171205808370644,0.6534129537151374,1,1,1,0,1
DEN,GSW,0.026160939876449782,0.34106346034707585,1,0,1,1,0
DEN,HOU,-0.15171205808370644,0.48525807729361614,0,0,1,1,0
DEN,IND,0.062168216818182465,0.5221505460846362,0,1,1,0,1
DEN,LAC,0.03213075846964324,0.42431022214366937,5,0,7,7,0
DEN,LAL,0.19687868315763382,0.6314550795851235,1,2,2,0,1
DEN,MEM,0.3315891494970852,0.6200435216989448,1,1,1,0,1
DEN,MIA,0.062168216818182465,0.44671473178914345,1,0,1,1,0
DEN,MIL,0.062168216818182465,0.4993284597722365,1,0,1,1,0
DEN,MIN,0.08512502321452964,0.5467766945734996,0,2,2,0,1
DEN,NOP,0.04416457834731612,0.7386524197255769,2,2,2,0,1
DEN,NYK,0.062168216818182465,0.5441480015521586,0,1,1,0,1
DEN,OKC,0.04746669029763675,0.23227231672254886,3,0,6,6,0
DEN,ORL,0.11770887459519634,0.7610216583175586,1,1,1,0,1
DEN,PHI,0.062168216818182465,0.7130816808224862,1,1,1,0,1
DEN,PHX,0.03348629269325997,0.5640376080282367,2,2,3,1,1
DEN,POR,0.062168216818182465,0.6592352325959627,2,2,2,0,1
DEN,SAC,0.21735890559124058,0.6678444933527029,2,2,2,0,1
DEN,SAS,0.07193490723582306,0.6304445798184066,0,2,2,0,1
DEN,TOR,0.062168216818182465,0.5164299134117436,1,1,1,0,1
DEN,UTA,0.08993854570668937,0.6667671645235865,2,2,2,0,1
DEN,WAS,-0.15171205808370644,0.7587755241928487,0,1,1,0,1
DET,ATL,-0.04477192063276199,0.4958152535426355,1,1,2,1,0
DET,BKN,0.11770887459519634,0.6578028206049471,1,1,1,0,1
DET,BOS,0.08993854570668937,0.24338935897803293,1,0,2,2,0
DET,CHA,0.026160939876449872,0.5633865256107153,2,2,2,0,1
DET,CHI,0.08993854570668941,0.5509810568367999,1,2,2,0,1
DET,CLE,0.22107943259328314,0.43403345295094947,2,1,3,2,0
DET,DAL,0.062168216818182465,0.3838725617022513,1,0,1,1,0
DET,DEN,0.3315891494970852,0.42347475967492815,0,0,1,1,0
DET,GSW,-0.15171205808370644,0.2943844012032075,0,0,1,1,0
DET,HOU,0.062168216818182465,0.32029920737046697,0,0,1,1,0
DET,IND,0.09255477510275098,0.48397595861151227,0,1,2,1,0
DET,LAC,0.11770887459519634,0.44084795630289003,1,0,1,1,0
DET,LAL,-0.187719335025439,0.4443392049197564,1,0,1,1,0
DET,MEM,-0.15171205808370644,0.39552234032168154,0,0,1,1,0
DET,MIA,0.06712138474366336,0.33541594371034067,2,0,2,2,0
DET,MIL,0.08893704928632189,0.3928581622858675,1,0,3,3,0
DET,MIN,-0.15171205808370644,0.37646290090865625,1,0,1,1,0
DET,NOP,0.062168216818182465,0.7086746041594332,1,1,1,0,1
DET,NYK,0.07234157296181752,0.4228232064155601,1,0,5,5,0
DET,OKC,0.026160939876449782,0.2624820054227987,0,0,1,1,0
DET,ORL,0.1080818296108768,0.4485454723105355,1,0,1,1,0
DET,PHI,-0.06277555910362827,0.4922366978424422,1,1,2,1,0
DET,PHX,0.062168216818182465,0.6577007825240804,0,1,2,1,1
DET,POR,0.062168216818182465,0.5444927369376855,1,1,1,0,1
DET,SAC,0.3315891494970852,0.6073162810011574,0,1,1,0,1
DET,SAS,0.062168216818182465,0.49847385247259285,1,0,1,1,0
DET,TOR,0.19687868315763382,0.6036431204637893,2,2,2,0,1
DET,UTA,0.06712138474366335,0.5577233697740082,0,1,1,0,1
DET,WAS,0.19687868315763382,0.7411839174556717,1,2,2,0,1
GSW,ATL,0.062168216818182465,0.8033974557551171,1,1,1,0,1
GSW,BKN,0.3315891494970852,0.8618324921403713,0,1,1,0,1
GSW,BOS,0.062168216818182465,0.3985154318934257,0,0,1,1,0
GSW,CHA,0.3315891494970852,0.8574409496056071,1,1,1,0,1
GSW,CHI,-0.187719335025439,0.5432795648065164,1,1,1,0,1
GSW,CLE,0.026160939876449782,0.3604922536081489,0,0,1,1,0
GSW,DAL,0.053467903121258854,0.6530671757868404,2,3,3,0,1
GSW,DEN,-0.04477192063276199,0.5635373847563078,1,2,2,0,1
GSW,DET,0.04416457834731612,0.5854774271099767,2,2,2,0,1
GSW,HOU,0.06315885040327865,0.5797733443916719,3,5,5,0,1
GSW,IND,0.3315891494970852,0.6924876018920112,0,1,1,0,1
GSW,LAC,0.19687868315763382,0.6634984691814579,0,2,2,0,1
GSW,LAL,0.16562867600022124,0.6993012352566538,1,3,3,0,1
GSW,MEM,0.16562867600022121,0.6256327005158032,3,3,3,0,1
GSW,MIA,0.3315891494970852,0.657903050481158,0,1,1,0,1
GSW,MIL,-0.15171205808370644,0.5316823290696812,1,1,1,0,1
GSW,MIN,0.008698148092710238,0.5832857061978314,1,4,4,0,1
GSW,NOP,0.08993854570668941,0.90265813273866,2,2,2,0,1
GSW,NYK,0.026160939876449782,0.6995077047793586,1,1,1,0,1
GSW,OKC,-0.06277555910362827,0.40455576283344125,1,1,2,1,0
GSW,ORL,0.10312866168539599,0.7480888339276524,1,1,1,0,1
GSW,PHI,0.3725495943642988,0.6878420854875313,1,1,1,0,1
GSW,PHX,0.08993854570668941,0.6435346490060845,1,2,2,0,1
GSW,POR,0.3315891494970852,0.7567720381724168,1,1,1,0,1
GSW,SAC,-0.007474152173953544,0.7101247882161724,2,3,3,0,1
GSW,SAS,0.11770887459519634,0.7479820177648545,0,1,1,0,1
GSW,TOR,0.026160939876449782,0.7170025248982846,1,1,1,0,1
GSW,UTA,0.3725495943642988,0.7770668935799413,1,1,1,0,1
GSW,WAS,0.10312866168539599,0.8503536420930519,1,1,1,0,1
HOU,ATL,0.062168216818182465,0.6473125323482912,1,1,1,0,1
HOU,BKN,0.026160939876449782,0.7695349740926672,0,1,1,0,1
HOU,BOS,0.3315891494970852,0.4439750398189716,0,0,1,1,0
HOU,CHA,0.08198088852010597,0.7301094997879558,0,1,1,0,1
HOU,CHI,-0.15171205808370644,0.622418174738175,1,1,1,0,1
HOU,CLE,0.062168216818182465,0.45367709430321373,1,0,1,1,0
HOU,DAL,0.08264843925178922,0.6234312706079552,2,2,2,0,1
HOU,DEN,0.062168216818182465,0.547443114582758,0,2,2,0,1
HOU,DET,0.062168216818182465,0.6905809824276616,0,1,1,0,1
HOU,GSW,0.07434816900816807,0.4137156983607683,3,0,7,7,0
HOU,IND,0.062168216818182465,0.7204733686953623,1,1,1,0,1
HOU,LAC,0.062168216818182465,0.5226521593930893,2,2,2,0,1
HOU,LAL,0.062168216818182465,0.6222947393971453,1,1,1,0,1
HOU,MEM,0.10312866168539597,0.6014119631772383,2,2,2,0,1
HOU,MIA,0.3315891494970852,0.6251855557459244,0,1,1,0,1
HOU,MIL,0.10312866168539599,0.5360353652675073,1,1,1,0,1
HOU,MIN,-0.034865584781800234,0.5418965593148991,1,2,2,0,1
HOU,NOP,0.13373773688052557,0.6967952587767008,3,3,3,0,1
HOU,NYK,0.026160939876449782,0.5402084780564224,1,1,1,0,1
HOU,OKC,0.10312866168539597,0.4321014822828302,2,1,2,1,0
HOU,ORL,0.062168216818182465,0.6718778064851498,1,1,1,0,1
HOU,PHI,0.3315891494970852,0.7744813378156352,1,1,1,0,1
HOU,PHX,0.21735890559124063,0.6752602393772128,2,2,2,0,1
HOU,POR,0.08993854570668941,0.7771586388963229,1,2,2,0,1
HOU,SAC,0.06712138474366335,0.5957762208197693,0,1,1,0,1
HOU,SAS,0.08068176941052042,0.6547608428915072,3,3,3,0,1
HOU,TOR,-0.15171205808370644,0.5719222815124991,1,1,1,0,1
HOU,UTA,0.062168216818182465,0.8156081350785029,1,1,1,0,1
HOU,WAS,0.11770887459519634,0.8529671879777141,1,1,1,0,1
IND,ATL,0.10312866168539599,0.6594819280550134,1,1,1,0,1
IND,BKN,-0.04477192063276199,0.6596865505829457,2,2,2,0,1
IND,BOS,0.062168216818182465,0.18368770453366967,1,0,1,1,0
IND,CHA,0.16562867600022121,0.6337706686421534,2,2,3,1,1
IND,CHI,0.062168216818182465,0.6112346920172622,2,2,2,0,1
IND,CLE,0.06340650879955269,0.3669496294499646,2,0,4,4,0
IND,DAL,0.026160939876449782,0.6094553029971738,1,1,1,0,1
IND,DEN,-0.15171205808370644,0.32923607101690006,0,0,1,1,0
IND,DET,0.10312866168539597,0.6394765464276289,1,2,2,0,1
IND,GSW,0.3315891494970852,0.5017376688467688,1,1,1,0,1
IND,HOU,0.3315891494970852,0.5717499997754165,1,1,1,0,1
IND,LAC,0.06712138474366335,0.45520680278498027,1,0,1,1,0
IND,LAL,0.062168216818182465,0.5875531164688697,0,1,1,0,1
IND,MEM,0.11303499753635773,0.5627035332170451,1,1,2,1,1
IND,MIA,0.04416457834731612,0.43808432223748217,1,0,2,2,0
IND,MIL,0.017143874374939024,0.48092107202982814,4,2,5,3,0
IND,MIN,0.026160939876449782,0.4228697321404449,1,0,1,1,0
IND,NOP,-0.08077919757449462,0.6647475055034353,2,2,2,0,1
IND,NYK,0.06315885040327865,0.5271347249518438,3,3,5,2,1
IND,OKC,0.06588309276229312,0.329912210999943,2,0,4,4,0
IND,ORL,-0.04477192063276199,0.5910853359046652,1,2,2,0,1
IND,PHI,0.04416457834731612,0.5720163383413664,1,2,2,0,1
IND,PHX,-0.00984633706528272,0.5582919256931639,1,1,1,0,1
IND,POR,0.062168216818182465,0.5984817084913694,1,1,1,0,1
IND,SAC,0.062168216818182465,0.6602008738685958,1,1,1,0,1
IND,SAS,0.062168216818182465,0.5569686669296062,1,1,1,0,1
IND,TOR,0.3315891494970852,0.6865137590827102,1,1,1,0,1
IND,UTA,0.062168216818182465,0.7901922964033662,1,1,1,0,1
IND,WAS,0.062168216818182465,0.7982576559542627,2,2,2,0,1
LAC,ATL,0.3315891494970852,0.6750627255261242,1,1,1,0,1
LAC,BKN,0.14534435170777532,0.6854588156341942,2,2,2,0,1
LAC,BOS,0.062168216818182465,0.4311678547448572,0,0,1,1,0
LAC,CHA,0.062168216818182465,0.7839603576411474,1,1,1,0,1
LAC,CHI,0.11770887459519634,0.7208797702226153,0,1,1,0,1
LAC,CLE,0.062168216818182465,0.4410739261979269,1,0,1,1,0
LAC,DAL,0.07033039973843651,0.7115176479854934,3,3,3,0,1
LAC,DEN,0.04540287032868639,0.5890886639288546,3,4,4,0,1
LAC,DET,-0.15171205808370644,0.5200859410233545,1,1,1,0,1
LAC,GSW,0.012783553349092152,0.4296560729767552,2,1,3,2,0
LAC,HOU,-0.0398187527072811,0.5070635520676638,1,2,2,0,1
LAC,IND,0.062168216818182465,0.5907965066672218,0,1,1,0,1
LAC,LAL,0.06464480078092288,0.6510398224043753,1,2,2,0,1
LAC,MEM,0.25831935045845417,0.5982743163492409,2,2,2,0,1
LAC,MIA,0.18504955141982302,0.5663286444027306,1,1,1,0,1
LAC,MIL,0.062168216818182465,0.5542741276307797,1,1,1,0,1
LAC,MIN,-0.15171205808370644,0.6309530681336392,0,1,1,0,1
LAC,NOP,0.026160939876449782,0.8250088904479538,1,1,1,0,1
LAC,NYK,0.3315891494970852,0.6718549450414025,1,1,1,0,1
LAC,OKC,0.19687868315763382,0.39420285154932944,0,0,2,2,0
LAC,ORL,0.062168216818182465,0.6116835410010885,1,1,1,0,1
LAC,PHI,0.062168216818182465,0.702722143243169,1,1,1,0,1
LAC,PHX,-0.05286922325266651,0.6522643373254997,0,2,2,0,1
LAC,POR,0.04146547747401464,0.627408585448417,2,3,3,0,1
LAC,SAC,0.05181684714609858,0.677281483428569,3,3,3,0,1
LAC,SAS,0.08264843925178922,0.6932780308243442,2,2,2,0,1
LAC,TOR,-0.187719335025439,0.6497633255915894,1,1,1,0,1
LAC,UTA,0.24343322791261124,0.7621534749567639,3,3,3,0,1
LAC,WAS,-0.15171205808370644,0.8572756753195739,1,1,1,0,1
LAL,ATL,-0.15171205808370644,0.4741487360753391,1,0,1,1,0
LAL,BKN,0.062168216818182465,0.6693619388835129,1,1,1,0,1
LAL,BOS,0.3315891494970852,0.33751854205933474,1,0,1,1,0
LAL,CHA,0.08198088852010597,0.7336215609151674,0,1,1,0,1
LAL,CHI,0.062168216818182465,0.5821205453713354,0,1,1,0,1
LAL,CLE,0.3725495943642988,0.3226889559989801,0,0,1,1,0
LAL,DAL,0.10312866168539599,0.6178841787819435,1,1,1,0,1
LAL,DEN,0.19687868315763382,0.49204918120249663,1,1,2,1,0
LAL,DET,0.062168216818182465,0.5711590666569745,0,1,1,0,1
LAL,GSW,0.20658912086743472,0.37301237530068887,1,1,3,2,0
LAL,HOU,0.19687868315763382,0.43170916639741186,2,0,2,2,0
LAL,IND,0.062168216818182465,0.5562397727380758,1,1,1,0,1
LAL,LAC,-0.04477192063276199,0.4824574779343724,2,1,2,1,0
LAL,MEM,0.06464480078092291,0.29368371907636726,2,0,2,2,0
LAL,MIA,0.062168216818182465,0.42898890733977857,1,0,1,1,0
LAL,MIL,-0.15171205808370644,0.43029343193414377,0,0,1,1,0
LAL,MIN,0.06007212702190001,0.4534326540281586,3,2,6,4,0
LAL,NOP,-0.04477192063276199,0.673205730762208,2,2,2,0,1
LAL,NYK,0.062168216818182465,0.6026529072584476,1,1,1,0,1
LAL,OKC,0.062168216818182465,0.27732524016201227,0,0,1,1,0
LAL,ORL,0.3315891494970852,0.5905430066333576,0,1,1,0,1
LAL,PHI,0.062168216818182465,0.46076417710058576,1,0,1,1,0
LAL,PHX,0.02781199585161009,0.46793277271086575,2,2,3,1,0
LAL,POR,0.04416457834731612,0.5840769890598858,2,2,2,0,1
LAL,SAC,-0.024291698199155227,0.5070735063218186,2,1,2,1,1
LAL,SAS,-0.016861946310933885,0.5151069727342961,1,1,2,1,1
LAL,TOR,0.3315891494970852,0.5483702682162124,1,1,1,0,1
LAL,UTA,0.08264843925178922,0.6955222983459177,2,2,2,0,1
LAL,WAS,0.062168216818182465,0.7669928460834262,1,1,1,0,1
MEM,ATL,0.026160939876449782,0.6210905245838901,0,1,1,0,1
MEM,BKN,0.20430843504585516,0.6887272239559076,1,2,2,0,1
MEM,BOS,0.062168216818182465,0.3373641285237093,0,0,1,1,0
MEM,CHA,0.08264843925178922,0.6891717100933048,1,2,2,0,1
MEM,CHI,0.062168216818182465,0.5064418174185806,0,1,1,0,1
MEM,CLE,0.026160939876449782,0.3383562698883749,0,0,1,1,0
MEM,DAL,0.06381927279334275,0.602840057025088,3,3,3,0,1
MEM,DEN,0.062168216818182465,0.5851104732734242,1,2,2,0,1
MEM,DET,0.062168216818182465,0.7116102698371892,1,1,1,0,1
MEM,GSW,-0.0398187527072811,0.43332300082555875,1,1,2,1,0
MEM,HOU,0.10312866168539599,0.5275992440134764,1,2,2,0,1
MEM,IND,0.062168216818182465,0.7130664959759683,1,1,1,0,1
MEM,LAC,0.062168216818182465,0.5892353994987488,0,1,1,0,1
MEM,LAL,0.062168216818182465,0.6177262302203395,1,2,2,0,1
MEM,MIA,0.13089899057390292,0.49155072709773695,1,1,2,1,0
MEM,MIL,-0.187719335025439,0.49575992624341514,1,0,1,1,0
MEM,MIN,0.08264843925178922,0.5468878628529986,1,1,2,1,1
MEM,NOP,0.026160939876449872,0.7710782080318899,2,2,2,0,1
MEM,NYK,0.10312866168539599,0.6353628076813791,0,1,1,0,1
MEM,OKC,0.13976356120471156,0.34193538859240113,0,0,4,4,0
MEM,ORL,0.11770887459519634,0.3487220761226242,1,0,1,1,0
MEM,PHI,-0.15171205808370644,0.6952034660689465,1,1,1,0,1
MEM,PHX,0.08993854570668941,0.6678045548268254,2,2,2,0,1
MEM,POR,0.062168216818182465,0.6865509549076669,1,1,1,0,1
MEM,SAC,0.062168216818182465,0.6929515759095425,1,1,1,0,1
MEM,SAS,-0.16971569655457272,0.5981135684721839,1,2,2,0,1
MEM,TOR,0.06712138474366335,0.7538799185654211,1,1,1,0,1
MEM,UTA,-0.06277555910362827,0.6912822696034593,2,2,2,0,1
MEM,WAS,-0.00984633706528272,0.7428395743983494,1,1,1,0,1
MIA,ATL,-0.009125208149113837,0.5445942924901733,3,3,3,0,1
MIA,BKN,0.062168216818182465,0.7393248540077453,1,1,1,0,1
MIA,BOS,0.08264843925178922,0.3389725880735246,0,0,2,2,0
MIA,CHA,0.062168216818182465,0.7139810305268008,1,2,2,0,1
MIA,CHI,-0.15171205808370644,0.5930867617112943,0,1,1,0,1
MIA,CLE,0.07729167324380615,0.39022818203120213,1,0,4,4,0
MIA,DAL,0.22600999628703655,0.5289543043250972,1,1,1,0,1
MIA,DEN,0.062168216818182465,0.42472894963664337,0,0,1,1,0
MIA,DET,0.062168216818182465,0.54823184349251,1,1,2,1,1
MIA,GSW,0.026160939876449782,0.32152769368685796,1,0,1,1,0
MIA,HOU,0.062168216818182465,0.35808097373018866,0,0,1,1,0
MIA,IND,-0.04477192063276199,0.5248182411119813,1,1,2,1,1
MIA,LAC,0.3315891494970852,0.5439945014022365,0,1,1,0,1
MIA,LAL,0.062168216818182465,0.6347380829722139,1,1,1,0,1
MIA,MEM,-0.15171205808370644,0.4787832484754802,0,0,1,1,0
MIA,MIL,0.04416457834731612,0.5486604736688652,0,2,2,0,1
MIA,MIN,0.062168216818182465,0.5035962753084949,0,1,1,0,1
MIA,NOP,0.07207455266914418,0.6276824094205429,2,1,2,1,1
MIA,NYK,0.062168216818182465,0.5601064422429267,0,2,2,0,1
MIA,OKC,0.4135100392315123,0.4731728403465399,0,0,1,1,0
MIA,ORL,0.0695979687064038,0.6892116103226771,1,2,2,0,1
MIA,PHI,-0.06277555910362827,0.6714106131117554,2,2,2,0,1
MIA,PHX,0.10312866168539599,0.6403670341089621,1,1,1,0,1
MIA,POR,0.062168216818182465,0.6696166445503612,0,1,1,0,1
MIA,SAC,0.062168216818182465,0.6607847296429713,0,1,1,0,1
MIA,SAS,0.04416457834731612,0.49325040756815625,2,1,2,1,0
MIA,TOR,0.08512502321452964,0.6546926854974724,2,2,2,0,1
MIA,UTA,0.026160939876449782,0.7273331400014361,0,1,1,0,1
MIA,WAS,-0.007474152173953544,0.7633197912713249,2,3,3,0,1
MIL,ATL,-0.005823096198793283,0.6034887281598857,1,3,3,0,1
MIL,BKN,0.19935526712037427,0.7650286993290905,0,2,2,0,1
MIL,BOS,0.062168216818182465,0.19711220635231183,0,0,1,1,0
MIL,CHA,-0.15171205808370644,0.6259360824173469,1,1,1,0,1
MIL,CHI,0.08947518006299147,0.43899263214831374,2,1,3,2,0
MIL,CLE,0.08993854570668937,0.3049157060840376,0,0,2,2,0
MIL,DAL,-0.15171205808370644,0.5631267991968524,1,1,1,0,1
MIL,DEN,0.026160939876449782,0.38852075713276557,1,0,1,1,0
MIL,DET,0.08993854570668941,0.5953827998735302,2,2,2,0,1
MIL,GSW,-0.15171205808370644,0.3936609658067981,0,0,1,1,0
MIL,HOU,0.3315891494970852,0.38029022242695415,1,0,1,1,0
MIL,IND,0.13076174196927837,0.5922199511766129,3,4,4,0,1
MIL,LAC,0.08198088852010597,0.4362500400146375,1,0,1,1,0
MIL,LAL,0.04911774627279701,0.3877347959773748,1,1,2,1,0
MIL,MEM,0.026160939876449782,0.4858433503845092,0,0,1,1,0
MIL,MIA,0.10312866168539597,0.5900837278062736,2,2,2,0,1
MIL,MIN,0.026160939876449782,0.4948792736881825,1,0,1,1,0
MIL,NOP,0.062168216818182465,0.7385846860117498,1,1,1,0,1
MIL,NYK,0.062168216818182465,0.5690561497853757,0,1,1,0,1
MIL,OKC,0.11770887459519634,0.3928714800727743,0,0,1,1,0
MIL,ORL,-0.007474152173953516,0.6230939530576967,2,3,3,0,1
MIL,PHI,0.19687868315763382,0.6817083266632097,2,2,2,0,1
MIL,PHX,0.062168216818182465,0.6326945978820105,1,1,1,0,1
MIL,POR,0.062168216818182465,0.7067836935455802,0,1,1,0,1
MIL,SAC,0.062168216818182465,0.5662932267054106,1,1,1,0,1
MIL,SAS,0.062168216818182465,0.5582568835822979,1,1,1,0,1
MIL,TOR,0.062168216818182465,0.6250091696946185,2,2,2,0,1
MIL,UTA,0.06712138474366335,0.5824456421755935,1,1,1,0,1
MIL,WAS,-0.021815114236414822,0.8173150063824652,2,2,2,0,1
MIN,ATL,0.062168216818182465,0.6167160254276766,1,1,1,0,1
MIN,BKN,0.11770887459519634,0.772836889308013,1,1,1,0,1
MIN,BOS,0.062168216818182465,0.253942705068995,0,0,1,1,0
MIN,CHA,0.062168216818182465,0.5671736664345354,1,1,1,0,1
MIN,CHI,0.3315891494970852,0.6878826762427432,1,1,1,0,1
MIN,CLE,-0.15171205808370644,0.31339880106558765,0,0,1,1,0
MIN,DAL,0.3725495943642988,0.6417815082295673,0,1,1,0,1
MIN,DEN,0.006179329448450964,0.5748396079619774,2,2,3,1,1
MIN,DET,0.062168216818182465,0.5809234200506307,1,1,1,0,1
MIN,GSW,0.09493657271195328,0.45833037359390383,2,0,5,5,0
MIN,HOU,-0.06277555910362834,0.4004011814470655,1,0,2,2,0
MIN,IND,-0.15171205808370644,0.51986272348746,0,1,1,0,1
MIN,LAC,0.062168216818182465,0.3901423406786926,2,0,2,2,0
MIN,LAL,0.14471672913019243,0.6100091187340326,4,4,4,0,1
MIN,MEM,0.062168216818182465,0.4097494527018804,0,0,1,1,0
MIN,MIA,0.062168216818182465,0.5492025434260377,0,1,1,0,1
MIN,MIL,0.062168216818182465,0.5707738758962914,0,1,1,0,1
MIN,NOP,0.062168216818182465,0.764593250600176,1,2,2,0,1
MIN,NYK,0.07207455266914424,0.513316345949254,0,1,1,0,1
MIN,OKC,0.07605338126243594,0.3099465109398282,2,0,4,4,0
MIN,ORL,0.3315891494970852,0.7161815331477754,1,1,1,0,1
MIN,PHI,0.24279229595032822,0.388517331969887,2,1,2,1,0
MIN,PHX,0.10312866168539597,0.597164660424698,2,2,2,0,1
MIN,POR,0.08993854570668941,0.563845054481497,2,2,2,0,1
MIN,SAC,-0.04477192063276199,0.5820411244395508,0,2,2,0,1
MIN,SAS,0.062168216818182465,0.573205400149908,2,2,2,0,1
MIN,TOR,0.3315891494970852,0.5879651868537246,1,1,1,0,1
MIN,UTA,0.062168216818182465,0.7670020009267721,2,2,2,0,1
MIN,WAS,0.062168216818182465,0.8439759458254459,0,1,1,0,1
NOP,ATL,0.062168216818182465,0.5971183010351365,0,1,1,0,1
NOP,BKN,0.10312866168539599,0.44490062075008485,0,0,1,1,0
NOP,BOS,0.062168216818182465,0.20978530481148838,0,0,1,1,0
NOP,CHA,0.062168216818182465,0.5474510010033484,1,1,1,0,1
NOP,CHI,0.11798816546183867,0.4697316623498183,1,0,1,1,0
NOP,CLE,0.062168216818182465,0.2418759778612631,0,0,1,1,0
NOP,DAL,0.08993854570668941,0.3648443068023398,1,0,2,2,0
NOP,DEN,-0.11678647451622719,0.23449004688263236,1,0,2,2,0
NOP,DET,0.062168216818182465,0.37523211551582053,0,0,1,1,0
NOP,GSW,0.08512502321452964,0.1799273030839373,0,0,2,2,0
NOP,HOU,0.08512502321452964,0.28402401561461793,0,0,2,2,0
NOP,IND,0.062168216818182465,0.4511764892557739,1,0,1,1,0
NOP,LAC,0.06464480078092291,0.2751524029326901,1,0,2,2,0
NOP,LAL,0.11770887459519634,0.4092682051735352,0,0,1,1,0
NOP,MEM,-0.01700159174425505,0.23842345003951998,0,0,2,2,0
NOP,MIA,-0.15171205808370644,0.22478257454755746,0,0,1,1,0
NOP,MIL,0.3315891494970852,0.3326630663321389,0,0,1,1,0
NOP,MIN,0.3315891494970852,0.4541392544790749,0,0,1,1,0
NOP,NYK,0.062168216818182465,0.24086776773277288,0,0,1,1,0
NOP,OKC,0.062168216818182465,0.1378329210427541,0,0,2,2,0
NOP,ORL,0.05407091419827788,0.5237691494006919,1,1,2,1,1
NOP,PHI,0.11770887459519634,0.4535322381657205,1,0,1,1,0
NOP,PHX,0.10312866168539599,0.3094338942671388,1,0,1,1,0
NOP,POR,-0.15171205808370644,0.3862351856148377,0,0,2,2,0
NOP,SAC,0.083983881360841,0.36547629244700985,1,0,3,3,0
NOP,SAS,0.062168216818182465,0.37572581779504466,2,0,2,2,0
NOP,TOR,0.062168216818182465,0.4004834866595212,0,0,1,1,0
NOP,UTA,0.06464480078092291,0.490043229427319,2,1,2,1,0
NOP,WAS,0.062168216818182465,0.574805019074391,1,1,1,0,1
NYK,ATL,-0.007474152173953558,0.5955170942664255,2,3,3,0,1
NYK,BKN,0.062168216818182465,0.6596483464882372,2,2,2,0,1
NYK,BOS,0.07954302835016405,0.3122556199168492,2,0,5,5,0
NYK,CHA,0.008157301405583545,0.6095141522687517,2,1,2,1,1
NYK,CHI,-0.034865584781800234,0.6457094978499243,1,2,2,0,1
NYK,CLE,0.11041876814029616,0.43735149654368954,0,1,2,1,0
NYK,DAL,0.3725495943642988,0.6516023548246257,1,1,1,0,1
NYK,DEN,0.062168216818182465,0.46587908844110165,1,0,1,1,0
NYK,DET,0.016153240789842847,0.6269547460491681,1,5,5,0,1
NYK,GSW,0.3315891494970852,0.3725444899446669,0,0,1,1,0
NYK,HOU,0.062168216818182465,0.4907299520036407,1,0,1,1,0
NYK,IND,0.06712138474366333,0.4596113236238235,2,0,4,4,0
NYK,LAC,-0.187719335025439,0.3374581971404492,0,0,1,1,0
NYK,LAL,0.10312866168539599,0.5886513824156813,0,1,1,0,1
NYK,MEM,0.062168216818182465,0.4135230813266151,1,0,1,1,0
NYK,MIA,0.062168216818182465,0.5451432949343455,1,1,1,0,1
NYK,MIL,0.19687868315763382,0.5766379532225023,2,1,2,1,1
NYK,MIN,0.10312866168539597,0.5171959705632829,1,1,2,1,1
NYK,NOP,0.062168216818182465,0.7789074824100479,1,1,1,0,1
NYK,OKC,0.062168216818182465,0.3553743575204871,0,0,1,1,0
NYK,ORL,0.19687868315763382,0.6493596422065289,1,2,2,0,1
NYK,PHI,0.08264843925178922,0.6487976532638217,2,2,2,0,1
NYK,PHX,-0.15171205808370644,0.5736055152594886,1,1,1,0,1
NYK,POR,0.026160939876449782,0.5817176329113818,1,1,1,0,1
NYK,SAC,0.14408910655260948,0.5366993342919043,1,1,1,0,1
NYK,SAS,0.062168216818182465,0.6504673160286057,1,1,1,0,1
NYK,TOR,0.19687868315763382,0.743000436650417,2,2,2,0,1
NYK,UTA,0.062168216818182465,0.7432354709742819,1,1,1,0,1
NYK,WAS,0.17213980294531495,0.8270123681788611,3,3,3,0,1
OKC,ATL,0.08993854570668937,0.8295662274713472,2,2,2,0,1
OKC,BKN,0.062168216818182465,0.8735305859541802,1,1,1,0,1
OKC,BOS,0.062168216818182465,0.473199133402221,1,0,1,1,0
OKC,CHA,0.3315891494970852,0.8933114492481936,1,1,1,0,1
OKC,CHI,0.062168216818182465,0.7592797767332076,1,1,1,0,1
OKC,CLE,0.062168216818182465,0.593147709778767,1,1,1,0,1
OKC,DAL,0.17213980294531495,0.7119883872790438,1,3,3,0,1
OKC,DEN,0.09955748434674061,0.6789721061415173,4,6,6,0,1
OKC,DET,0.026160939876449782,0.7736718012885093,1,1,1,0,1
OKC,GSW,0.062168216818182465,0.4423791277919303,0,0,1,1,0
OKC,HOU,0.02017655129088382,0.6691567775186498,3,4,4,0,1
OKC,IND,0.07630410730220223,0.6930487680158076,4,5,5,0,1
OKC,LAC,-0.04477192063276199,0.6135268868101355,2,2,2,0,1
OKC,LAL,0.062168216818182465,0.768491798970069,1,2,2,0,1
OKC,MEM,0.04965859295992376,0.6620177289024928,4,4,4,0,1
OKC,MIA,0.062168216818182465,0.7839245345926966,1,1,1,0,1
OKC,MIL,0.19935526712037427,0.7250313391574537,1,2,2,0,1
OKC,MIN,0.044470526820199106,0.7012111837803333,4,5,5,0,1
OKC,NOP,0.062168216818182465,0.8653913606940997,2,2,2,0,1
OKC,NYK,-0.15171205808370644,0.5773678051264344,1,1,1,0,1
OKC,NZB,-0.187719335025439,0.9999999999999378,1,1,1,0,1
OKC,ORL,0.3315891494970852,0.8762029566634427,1,1,1,0,1
OKC,PHI,0.10312866168539599,0.8209756691274906,1,1,1,0,1
OKC,PHX,0.062168216818182465,0.7477372508541635,2,2,2,0,1
OKC,POR,-0.06277555910362827,0.7281994161133057,2,2,2,0,1
OKC,SAC,0.06712138474366335,0.7563607822385446,1,1,1,0,1
OKC,SAS,0.10312866168539599,0.8274372467581623,1,1,1,0,1
OKC,TOR,0.062168216818182465,0.7990085381744482,1,1,1,0,1
OKC,UTA,0.08264843925178922,0.8207051785651203,2,2,2,0,1
OKC,WAS,0.10312866168539599,0.9087299075417488,1,1,1,0,1
ORL,ATL,0.10312866168539599,0.4895958110985285,2,1,3,2,0
ORL,BKN,0.062168216818182465,0.655116839790106,2,2,2,0,1
ORL,BOS,0.07605338126243594,0.2731923081579581,3,0,4,4,0
ORL,CHA,0.062168216818182465,0.5739310411947698,2,2,2,0,1
ORL,CHI,0.19687868315763382,0.6357167159591535,1,2,2,0,1
ORL,CLE,0.062168216818182465,0.23672570689687558,0,0,1,1,0
ORL,DAL,0.062168216818182465,0.5034626229052707,0,1,1,0,1
ORL,DEN,0.062168216818182465,0.3009419726063895,0,0,1,1,0
ORL,DET,0.04416457834731612,0.5273978617803053,2,1,2,1,1
ORL,GSW,0.062168216818182465,0.269988108634977,0,0,1,1,0
ORL,HOU,0.10312866168539599,0.3239790339594632,0,0,1,1,0
ORL,IND,0.07193490723582309,0.5797973579539533,2,2,2,0,1
ORL,LAC,0.3315891494970852,0.3736548876368211,0,0,1,1,0
ORL,LAL,0.10312866168539599,0.4810404248112924,1,0,1,1,0
ORL,MEM,0.11770887459519634,0.35828642397155874,0,0,1,1,0
ORL,MIA,0.19935526712037427,0.4715825217116039,1,1,2,1,0
ORL,MIL,-0.15171205808370644,0.344529655912547,0,0,1,1,0
ORL,MIN,0.10312866168539599,0.5146898020975421,0,1,1,0,1
ORL,NOP,0.062168216818182465,0.6314845667171641,1,1,1,0,1
ORL,NYK,-0.01933853027367439,0.4405198861552485,0,1,2,1,0
ORL,OKC,0.14408910655260948,0.3237472454002891,0,0,1,1,0
ORL,PHI,0.1167821433078005,0.4868054716934928,3,1,3,2,0
ORL,PHX,0.3315891494970852,0.6500994041077424,1,1,1,0,1
ORL,POR,0.062168216818182465,0.5259941184795515,0,1,1,0,1
ORL,SAC,0.062168216818182465,0.53182169570615,1,1,1,0,1
ORL,SAS,0.3315891494970852,0.5036211167221255,1,1,1,0,1
ORL,TOR,0.08264843925178922,0.5457000928248974,0,2,2,0,1
ORL,UTA,0.3315891494970852,0.6618184002556858,0,1,1,0,1
ORL,WAS,0.062168216818182465,0.7071919846458301,2,2,2,0,1
PHI,ATL,0.3315891494970852,0.46041748463387716,0,0,1,1,0
PHI,BKN,0.050165791170938244,0.49716822036992614,2,2,3,1,0
PHI,BOS,0.07207455266914423,0.25018320887481327,0,0,2,2,0
PHI,CHA,0.23783912802484738,0.604194737702882,2,2,2,0,1
PHI,CHI,0.062168216818182465,0.4740575647577706,0,1,2,1,0
PHI,CLE,-0.024291698199155227,0.2432125811677915,1,0,2,2,0
PHI,DAL,0.062168216818182465,0.4508521960951147,1,0,1,1,0
PHI,DEN,0.062168216818182465,0.3388800677474834,0,0,1,1,0
PHI,DET,0.10312866168539599,0.6082580905017243,0,1,1,0,1
PHI,GSW,0.10312866168539599,0.24764719437638708,1,0,1,1,0
PHI,HOU,0.3725495943642988,0.29363590629885644,0,0,1,1,0
PHI,IND,0.05159433023553746,0.44903330011124476,0,1,2,1,0
PHI,LAC,0.062168216818182465,0.3188422474465132,0,0,1,1,0
PHI,LAL,0.3725495943642988,0.510589900071646,1,1,1,0,1
PHI,MEM,0.10312866168539599,0.4866064868153706,0,0,1,1,0
PHI,MIA,0.11041876814029616,0.43421033158388544,0,0,2,2,0
PHI,MIL,0.051594330235537424,0.5547756451434139,0,1,2,1,1
PHI,MIN,0.062168216818182465,0.2763447557649941,0,0,1,1,0
PHI,NOP,0.062168216818182465,0.6423874729868334,0,1,1,0,1
PHI,NYK,-0.04477192063276199,0.38616024516976366,0,0,2,2,0
PHI,NZB,0.19000271934530386,0.9999999999993485,1,1,1,0,1
PHI,OKC,0.062168216818182465,0.22851729282966965,0,0,1,1,0
PHI,ORL,0.08993854570668941,0.41339009177484654,1,0,2,2,0
PHI,PHX,0.062168216818182465,0.5515308841884564,0,1,1,0,1
PHI,POR,0.3315891494970852,0.5023664943831262,0,1,1,0,1
PHI,SAC,-0.15171205808370644,0.3781998773642249,1,0,1,1,0
PHI,SAS,0.062168216818182465,0.4933881680950849,1,0,1,1,0
PHI,TOR,-0.04477192063276199,0.4507016996676493,0,1,2,1,0
PHI,UTA,0.10312866168539599,0.5531247522526219,1,1,1,0,1
PHI,WAS,0.19687868315763382,0.7012099449562941,1,2,2,0,1
PHX,ATL,0.062168216818182465,0.4821177117791592,1,0,1,1,0
PHX,BKN,-0.15171205808370644,0.5262996649625942,0,1,1,0,1
PHX,BOS,0.062168216818182465,0.30116286262810316,0,0,1,1,0
PHX,CHA,-0.25973388890890425,0.5426780162635334,1,1,1,0,1
PHX,CHI,0.062168216818182465,0.5549235627857233,1,1,1,0,1
PHX,CLE,0.062168216818182465,0.3329259185531092,1,0,1,1,0
PHX,DAL,-0.04477192063276199,0.3706655854322838,1,0,2,2,0
PHX,DEN,-0.04477192063276199,0.3328886014466428,1,0,2,2,0
PHX,DET,0.06464480078092291,0.5565809718147817,0,1,2,1,1
PHX,GSW,0.06464480078092291,0.27160768321605916,1,0,2,2,0
PHX,HOU,0.026160939876449782,0.3624584673812105,0,0,1,1,0
PHX,IND,0.07207455266914424,0.5575739480651489,0,1,1,0,1
PHX,LAC,0.062168216818182465,0.36230477333330435,2,0,2,2,0
PHX,LAL,0.13208668090536527,0.5295876280086723,2,3,3,0,1
PHX,MEM,0.08512502321452967,0.3344900875797108,0,0,2,2,0
PHX,MIA,0.062168216818182465,0.4391508716657317,1,0,1,1,0
PHX,MIL,0.10312866168539599,0.43787587645367093,1,0,1,1,0
PHX,MIN,0.062168216818182465,0.4512781237690887,0,0,2,2,0
PHX,NOP,0.08993854570668941,0.5907542071621598,1,2,2,0,1
PHX,NYK,0.062168216818182465,0.4054078005732304,0,0,1,1,0
PHX,OKC,0.11770887459519634,0.19350924622755156,0,0,1,1,0
PHX,ORL,-0.187719335025439,0.4476103469499486,0,0,1,1,0
PHX,PHI,0.062168216818182465,0.613017535745077,1,1,1,0,1
PHX,POR,0.19687868315763382,0.5919372659802096,2,2,2,0,1
PHX,SAC,0.19687868315763382,0.5587257146510445,1,2,2,0,1
PHX,SAS,0.08264843925178922,0.455900773399491,2,0,2,2,0
PHX,TOR,0.11770887459519634,0.53012637414371,1,1,1,0,1
PHX,UTA,0.062168216818182465,0.573699333668297,2,2,2,0,1
PHX,WAS,0.10312866168539599,0.8045323967694504,1,1,1,0,1
POR,ATL,0.14408910655260948,0.5492305399123857,1,1,1,0,1
POR,BKN,0.10312866168539599,0.6033813849455409,0,1,1,0,1
POR,BOS,0.062168216818182465,0.29854099687972885,0,0,1,1,0
POR,CHA,0.062168216818182465,0.638654087613095,1,1,1,0,1
POR,CHI,-0.15171205808370644,0.3697465667145241,1,0,1,1,0
POR,CLE,0.062168216818182465,0.32553702348450114,0,0,1,1,0
POR,DAL,0.3315891494970852,0.3737863150701489,1,0,2,2,0
POR,DEN,0.08512502321452964,0.36588299690030335,2,0,2,2,0
POR,DET,0.3315891494970852,0.5845887676920597,0,1,1,0,1
POR,GSW,0.0695979687064038,0.3638215850586778,0,0,2,2,0
POR,HOU,0.062168216818182465,0.29159533317110664,0,0,1,1,0
POR,IND,0.11770887459519634,0.4701521905996933,1,0,1,1,0
POR,LAC,0.3315891494970852,0.3827830538236851,0,0,1,1,0
POR,LAL,0.2787995728920608,0.47150587141125977,1,1,2,1,0
POR,MEM,0.062168216818182465,0.3923537736299176,1,0,2,2,0
POR,MIA,0.062168216818182465,0.39061348520452227,0,0,1,1,0
POR,MIL,0.3315891494970852,0.3627233955689479,1,0,1,1,0
POR,MIN,0.08993854570668941,0.3958056917817354,2,0,2,2,0
POR,NOP,0.062168216818182465,0.6635095997368746,1,2,2,0,1
POR,NYK,0.062168216818182465,0.5150796931831398,0,1,1,0,1
POR,OKC,0.04416457834731612,0.24617610374603044,0,0,2,2,0
POR,ORL,0.026160939876449782,0.5593843785667275,1,1,1,0,1
POR,PHI,0.062168216818182465,0.4274118281147565,0,0,1,1,0
POR,PHX,0.19687868315763382,0.5179812578655179,2,2,2,0,1
POR,SAC,0.19687868315763382,0.5666432782102404,2,1,2,1,1
POR,SAS,0.0695979687064038,0.47385987253487316,1,1,2,1,0
POR,TOR,0.14408910655260948,0.5463179909365953,1,1,1,0,1
POR,ULM,-0.040900446081534536,0.9999999999935447,1,1,1,0,1
POR,UTA,0.05346790312125882,0.5736823236347068,2,3,3,0,1
POR,WAS,-0.15171205808370644,0.6373917687960845,1,1,1,0,1
SAC,ATL,0.3315891494970852,0.6353931375608152,0,1,1,0,1
SAC,BKN,0.062168216818182465,0.6061462586473433,0,1,1,0,1
SAC,BOS,0.3315891494970852,0.2997661020970379,0,0,1,1,0
SAC,CHA,0.10312866168539599,0.6270376673896862,1,1,1,0,1
SAC,CHI,0.11770887459519634,0.5439407994258029,0,1,1,0,1
SAC,CLE,0.3315891494970852,0.3696457282519326,1,0,1,1,0
SAC,DAL,0.06464480078092291,0.4653603210565548,1,1,2,1,0
SAC,DEN,0.06712138474366329,0.40963051739564266,0,0,2,2,0
SAC,DET,0.1080818296108768,0.5993520421646704,0,1,1,0,1
SAC,GSW,0.11303499753635775,0.4130083369335103,1,0,3,3,0
SAC,HOU,0.19687868315763382,0.3585419895217218,2,0,2,2,0
SAC,IND,-0.187719335025439,0.4721653939716054,0,0,1,1,0
SAC,LAC,0.062168216818182465,0.30172918989865916,0,0,2,2,0
SAC,LAL,0.0466411623100566,0.5907568098129792,0,2,2,0,1
SAC,MEM,0.06464480078092288,0.36390654330015526,2,0,2,2,0
SAC,MIA,-0.15171205808370644,0.40979924412449914,1,0,1,1,0
SAC,MIL,0.062168216818182465,0.3760980881349126,0,0,1,1,0
SAC,MIN,0.1440891065526095,0.40211113632218,0,0,2,2,0
SAC,NOP,0.026160939876449782,0.6043494605144877,1,1,1,0,1
SAC,NYK,-0.187719335025439,0.5014112168129093,0,1,1,0,1
SAC,OKC,-0.20572297349630536,0.18728830378078648,0,0,2,2,0
SAC,ORL,0.062168216818182465,0.6264687800464787,0,1,1,0,1
SAC,PHI,0.062168216818182465,0.4923566222138684,1,0,1,1,0
SAC,PHX,0.19687868315763382,0.547024062010849,2,1,2,1,1
SAC,POR,0.1519751943778167,0.372890033380094,2,0,3,3,0
SAC,SAS,0.00815730140558353,0.47881441877872644,1,1,2,1,0
SAC,TOR,0.062168216818182465,0.4820462654663995,1,0,1,1,0
SAC,UTA,-0.04477192063276199,0.5911075179149263,2,2,2,0,1
SAC,WAS,0.3725495943642988,0.8328426122826289,1,1,1,0,1
SAS,ATL,0.036067275727411655,0.5034715434704503,1,1,1,0,1
SAS,BKN,0.026160939876449782,0.6222375390793627,1,1,1,0,1
SAS,BOS,0.026160939876449782,0.2793894690583265,0,0,1,1,0
SAS,CHA,0.062168216818182465,0.6821266592508225,0,1,1,0,1
SAS,CHI,0.026160939876449782,0.5992752167714223,0,1,1,0,1
SAS,CLE,0.062168216818182465,0.31441845076103164,0,0,1,1,0
SAS,DAL,0.08993854570668941,0.5247559342705423,1,2,2,0,1
SAS,DEN,0.11770887459519634,0.4864092357791614,0,0,1,1,0
SAS,DET,-0.29574116585063714,0.4574411722185644,0,0,1,1,0
SAS,GSW,0.08993854570668937,0.33011102341519377,1,0,2,2,0
SAS,HOU,0.19687868315763382,0.3789469656008483,1,0,2,2,0
SAS,IND,0.036067275727411655,0.43365149564959965,1,0,1,1,0
SAS,LAC,0.23783912802484733,0.4196890305658585,1,0,2,2,0
SAS,LAL,0.08993854570668941,0.6291445498849831,0,2,2,0,1
SAS,MEM,0.062168216818182465,0.46042847889292177,0,0,2,2,0
SAS,MIA,-0.187719335025439,0.4217310359439511,0,0,1,1,0
SAS,MIL,0.026160939876449782,0.3588649393031515,1,0,1,1,0
SAS,MIN,0.19687868315763382,0.5157725232505606,1,1,2,1,1
SAS,NOP,0.08993854570668937,0.6817039767048423,2,2,2,0,1
SAS,NYK,0.062168216818182465,0.4453625315127998,1,0,1,1,0
SAS,OKC,0.01113249737393184,0.3419864423088878,1,1,3,2,0
SAS,ORL,0.19687868315763382,0.5576618739281611,1,2,2,0,1
SAS,PHI,0.062168216818182465,0.6184256541752967,1,1,1,0,1
SAS,PHX,0.08198088852010597,0.5611851920854374,1,1,1,0,1
SAS,POR,-0.06277555910362827,0.501013089184776,2,1,2,1,1
SAS,SAC,0.22464901204614077,0.5897560888318579,1,2,2,0,1
SAS,TOR,0.062168216818182465,0.46445909667730756,1,0,1,1,0
SAS,UTA,0.07582169844058696,0.5705305086876241,2,2,3,1,1
SAS,WAS,0.062168216818182465,0.7900483370694454,1,1,1,0,1
TOR,ATL,0.3725495943642988,0.5186273767631597,0,1,1,0,1
TOR,BKN,-0.06029897514088783,0.5239753201572219,1,1,2,1,1
TOR,BOS,0.050165791170938244,0.20077782026535404,2,0,3,3,0
TOR,CHA,0.1993552671203743,0.7066740605133742,2,2,2,0,1
TOR,CHI,0.08512502321452964,0.544691588337643,0,1,2,1,1
TOR,CLE,-0.03734216874454065,0.4763607022384376,0,1,2,1,0
TOR,DAL,0.062168216818182465,0.34587808806668846,0,0,1,1,0
TOR,DEN,0.062168216818182465,0.6241824398308402,0,1,1,0,1
TOR,DET,-0.024291698199155227,0.47579724020742964,0,1,2,1,0
TOR,GSW,0.026160939876449782,0.25631204601954444,1,0,1,1,0
TOR,HOU,0.06712138474366335,0.3603861114848036,0,0,1,1,0
TOR,IND,0.19687868315763382,0.5584133043093557,2,2,2,0,1
TOR,LAC,0.062168216818182465,0.3300848040372802,1,0,1,1,0
TOR,LAL,0.062168216818182465,0.6028875188582846,0,1,1,0,1
TOR,MEM,-0.15171205808370644,0.3189620026754835,0,0,1,1,0
TOR,MIA,0.07207455266914423,0.4324480653694869,1,0,2,2,0
TOR,MIL,0.10312866168539599,0.3326655874746115,0,0,1,1,0
TOR,MIN,0.031114107801930732,0.42064532679072103,1,0,1,1,0
TOR,NOP,0.062168216818182465,0.6014653709908232,1,1,1,0,1
TOR,NYK,0.19687868315763382,0.44926115790178167,0,1,2,1,0
TOR,OKC,0.062168216818182465,0.30262225123698705,0,0,1,1,0
TOR,ORL,0.10312866168539597,0.4824907867277096,1,1,2,1,0
TOR,PHI,0.062168216818182465,0.5360583294717759,2,1,2,1,1
TOR,PHX,0.3315891494970852,0.5540845520083155,1,1,1,0,1
TOR,POR,0.062168216818182465,0.495031332370917,0,0,1,1,0
TOR,SAC,0.11770887459519634,0.5352986469203638,1,1,1,0,1
TOR,SAS,0.10312866168539599,0.5041005141262588,0,1,1,0,1
TOR,UTA,0.10312866168539599,0.5804031962838543,1,1,1,0,1
TOR,WAS,-0.014523409895716854,0.6141032066853391,2,3,3,0,1
UTA,ATL,0.026160939876449782,0.4508125478237716,0,0,1,1,0
UTA,BKN,-0.15171205808370644,0.5345112216713889,1,1,1,0,1
UTA,BOS,0.026160939876449782,0.19354101354870865,0,0,1,1,0
UTA,CHA,0.06712138474366335,0.5760078783649559,0,1,1,0,1
UTA,CHI,-0.15171205808370644,0.3431280978846956,0,0,1,1,0
UTA,CLE,0.062168216818182465,0.22634844524271963,0,0,1,1,0
UTA,DAL,0.06464480078092291,0.3059493387011484,1,0,2,2,0
UTA,DEN,-0.04477192063276199,0.29181950324412737,0,0,2,2,0
UTA,DET,-0.15171205808370644,0.306771860592027,0,0,1,1,0
UTA,GSW,0.062168216818182465,0.212510329929576,1,0,2,2,0
UTA,HOU,0.046325548443948095,0.33849462941225705,2,0,3,3,0
UTA,IND,0.062168216818182465,0.3056945909599154,0,0,1,1,0
UTA,LAC,0.11770887459519634,0.2855191008385499,0,0,1,1,0
UTA,LAL,-0.04477192063276199,0.31922663093559633,1,0,2,2,0
UTA,MEM,0.03359069176467121,0.4173256174610567,0,1,2,1,0
UTA,MIA,0.062168216818182465,0.3950208251116563,0,0,1,1,0
UTA,MIL,0.062168216818182465,0.27336335376782994,0,0,1,1,0
UTA,MIN,0.3315891494970852,0.3915615067999981,1,0,2,2,0
UTA,NOP,0.062168216818182465,0.5266621460874319,0,1,1,0,1
UTA,NYK,0.026160939876449782,0.30958655674907487,1,0,1,1,0
UTA,NZB,0.08198088852010597,0.9999999999992415,1,1,1,0,1
UTA,OKC,0.07207455266914423,0.1493123175918896,0,0,2,2,0
UTA,ORL,0.062168216818182465,0.49226494801151904,1,0,1,1,0
UTA,PHI,0.026160939876449782,0.3937336828538944,0,0,1,1,0
UTA,PHX,0.09007819114001056,0.34167402148729176,0,0,2,2,0
UTA,POR,0.06464480078092291,0.3573631002907329,1,0,2,2,0
UTA,SAC,0.09433525103292494,0.6247143433407458,1,2,3,1,1
UTA,SAS,0.19935526712037427,0.4789155218957203,0,1,2,1,0
UTA,TOR,0.062168216818182465,0.4066049144619047,0,0,1,1,0
UTA,WAS,0.062168216818182465,0.5641306810993882,1,1,1,0,1
WAS,ATL,0.08993854570668941,0.3557514391736595,1,0,2,2,0
WAS,BKN,0.08993854570668937,0.4071158443552308,1,0,2,2,0
WAS,BOS,0.12008425525812105,0.10288824526304995,0,0,3,3,0
WAS,CHA,0.08760160717727007,0.3789582573357823,2,0,2,2,0
WAS,CHI,0.04416457834731612,0.32021003963904193,1,0,2,2,0
WAS,CLE,0.19687868315763382,0.20008008392586812,0,0,2,2,0
WAS,DAL,0.062168216818182465,0.14978800010078464,0,0,1,1,0
WAS,DEN,0.062168216818182465,0.18064525305323068,1,0,1,1,0
WAS,DET,0.062168216818182465,0.33613486757952804,0,0,1,1,0
WAS,GSW,0.062168216818182465,0.07068434912091012,0,0,1,1,0
WAS,HOU,0.062168216818182465,0.2125562812558694,0,0,1,1,0
WAS,IND,0.22464901204614077,0.28791825169923496,0,0,2,2,0
WAS,LAC,-0.15171205808370644,0.14412258537803724,0,0,1,1,0
WAS,LAL,-0.15171205808370644,0.20234121522609083,0,0,1,1,0
WAS,MEM,0.11770887459519634,0.15341663162629432,0,0,1,1,0
WAS,MIA,0.062168216818182465,0.2560777785470309,0,0,1,1,0
WAS,MIL,0.4954309289659392,0.34725986886880356,0,0,1,1,0
WAS,MIN,-0.15171205808370644,0.20977459144210037,0,0,1,1,0
WAS,NOP,0.062168216818182465,0.47846999425597003,0,0,1,1,0
WAS,NYK,0.16727973197538148,0.19846099361944358,1,0,3,3,0
WAS,OKC,0.062168216818182465,0.11560004249955351,0,0,1,1,0
WAS,ORL,-0.04477192063276199,0.30791303128284514,0,0,2,2,0
WAS,PHI,-0.15171205808370644,0.3279267508868467,0,0,1,1,0
WAS,PHX,0.10312866168539599,0.283570961891101,0,0,1,1,0
WAS,POR,0.062168216818182465,0.32027188105177584,0,0,1,1,0
WAS,SAC,0.062168216818182465,0.306830821604103,1,0,1,1,0
WAS,SAS,0.062168216818182465,0.28021612085369657,0,0,1,1,0
WAS,TOR,0.11596791743608409,0.23214628167622842,1,0,3,3,0
WAS,UTA,0.062168216818182465,0.42252486280585017,1,0,1,1,0
